title,link,date
React Hooks! - useEffect,/blog/react-hooks-use-effect,2020-01-14
It’s 2020: Where are the Women in Tech? ,/blog/it-is-2020-where-are-the-women-in-tech,2019-12-20
Implementation Intentions: The Secret Weapon to Achieve Your Goals,/blog/implementation-intentions,2019-12-12
An Introduction to GraphQL - Mutations,/blog/an-introduction-to-graphql-mutations,2019-12-02
Student Interview: Jennifer + Luke on Company Projects,/blog/student-interview-jennifer-luke,2019-11-07
React Hooks! - An Introduction,/blog/react-hooks-intro,2019-10-22
An Introduction to GraphQL - Queries,/blog/an-introduction-to-graphql-queries,2019-10-15
Alumni Spotlight: Sandy Cao,/blog/alumni-spotlight-sandy,2019-10-10
Student Interview: Pair Programming And Company Projects,/blog/student-interview-pair-programming-and-company-projects,2019-09-03
Getting Acquainted With A Production Code Base,/blog/getting-up-to-speed-on-a-production-code-base,2019-06-18
